Patrono / figura,Ruta oficial,Correo público,Uso / restricción,Afinidad,Fuente oficial
Jed McCaleb,Astera Institute,info@astera.org,Official institute route; not a personal inbox,High-risk science and intelligence,https://astera.org/sharpening-asteras-focus/
Bill Gates,Gates Foundation,media@gatesfoundation.org,Media route only; foundation does not review unsolicited funding requests by email,"Science, AI and technology philanthropy",https://www.gatesfoundation.org/about/contact
Mark Zuckerberg & Priscilla Chan,Chan Zuckerberg Initiative,press@chanzuckerberg.com,Media route only; not a personal or grant inbox,"Science, technology and AI",https://chanzuckerberg.com/newsroom/
Peter Diamandis,XPRIZE,info@xprize.org,Official XPRIZE general route; not personal,Audacious challenges and proof-based innovation,https://www.xprize.org/contact
Peter Thiel,Thiel Foundation,jeremiah@torchcomllc.com,Published press route for the foundation; not personal,"Science, technology and long-term thinking",https://www.thielfoundation.org/
Max Tegmark / Future of Life Institute,Future of Life Institute,contact@futureoflife.org,Official general route; speaking/media for Max Tegmark uses press@futureoflife.org,Transformative technology and future studies,https://futureoflife.org/about-us/contact-us/
Jaan Tallinn / Future of Life Institute,Future of Life Institute grants,grants@futureoflife.org,Official grants route; not personal,"AI, future risks and high-impact research",https://futureoflife.org/about-us/contact-us/
Yuri Milner,Breakthrough Prize / Initiatives,office@breakthroughprize.org,Official general route; not personal,Fundamental physics and high-risk science,https://breakthroughprize.org/contacts
Mike Lazaridis,Perimeter Institute,help@perimeterinstitute.ca,Generic Perimeter route; not personal,Foundational physics and quantum science,https://events.perimeterinstitute.ca/contact
Sergey Brin / Breakthrough Prize,Breakthrough Prize,office@breakthroughprize.org,Official prize office route; not personal,"Fundamental physics, mathematics and science prizes",https://breakthroughprize.org/contacts
